,"Employment in Hurricane Storm Surge Flood Zones, Third Quarter 2019",Unnamed: 1,Unnamed: 2,Unnamed: 3,Unnamed: 4,Unnamed: 5
0,County,State,Area,Number of Establishments,Average Monthly Employment,Total Quarterly Wages
1,Statewide,Alabama,Zone 1,327,5050,52060151
2,Statewide,Alabama,Zone 2,604,11245,167679100
3,Statewide,Alabama,Zone 3,1179,21183,240468709
4,Statewide,Alabama,Zone 4,724,13279,152127925
5,Statewide,Alabama,Total Affected,2834,50756,612335885
6,Statewide,Alabama,Unaffected,128111,1938480,23154091300
7,Baldwin ,Alabama,Zone 1,157,1842,14349153
8,Baldwin ,Alabama,Zone 2,281,3243,29095141
9,Baldwin ,Alabama,Zone 3,356,5950,50524536
10,Baldwin ,Alabama,Zone 4,312,2934,24347010
11,Baldwin ,Alabama,Total Affected,1106,13969,118315840
12,Baldwin ,Alabama,Unaffected,5444,63344,613926628
13,Mobile ,Alabama,Zone 1,170,3208,37710998
14,Mobile ,Alabama,Zone 2,323,8002,138583959
15,Mobile ,Alabama,Zone 3,823,15233,189944173
16,Mobile ,Alabama,Zone 4,412,10345,127780915
17,Mobile ,Alabama,Total Affected,1728,36787,494020045
18,Mobile ,Alabama,Unaffected,8703,134481,1558595227
19,Statewide,Connecticut,Zone 1,1028,11596,185029670
20,Statewide,Connecticut,Zone 2,2220,29972,443857673
21,Statewide,Connecticut,Zone 3,3519,52485,1074027954
22,Statewide,Connecticut,Zone 4,2328,26851,498667191
23,Statewide,Connecticut,Total Affected,9095,120903,2201582488
24,Statewide,Connecticut,Unaffected,114474,1544276,24558501380
25,Fairfield ,Connecticut,Zone 1,635,7442,134418198
26,Fairfield ,Connecticut,Zone 2,1140,12769,220052443
27,Fairfield ,Connecticut,Zone 3,2554,38413,863086851
28,Fairfield ,Connecticut,Zone 4,1446,17443,374130981
29,Fairfield ,Connecticut,Total Affected,5775,76067,1591688473
30,Fairfield ,Connecticut,Unaffected,31210,341548,6417529199
31,Middlesex ,Connecticut,Zone 1,42,424,5119309
32,Middlesex ,Connecticut,Zone 2,98,1062,11062775
33,Middlesex ,Connecticut,Zone 3,144,1081,13082942
34,Middlesex ,Connecticut,Zone 4,168,1767,45704329
35,Middlesex ,Connecticut,Total Affected,452,4334,74969355
36,Middlesex ,Connecticut,Unaffected,5094,65548,911930438
37,New Haven ,Connecticut,Zone 1,183,2121,27964137
38,New Haven ,Connecticut,Zone 2,643,12318,170006334
39,New Haven ,Connecticut,Zone 3,633,11128,178591538
40,New Haven ,Connecticut,Zone 4,641,7209,75430655
41,New Haven ,Connecticut,Total Affected,2100,32775,451992664
42,New Haven ,Connecticut,Unaffected,23272,332508,4734249418
43,New London ,Connecticut,Zone 1,168,1610,17528026
44,New London ,Connecticut,Zone 2,339,3824,42736121
45,New London ,Connecticut,Zone 3,188,1862,19266623
46,New London ,Connecticut,Zone 4,73,432,3401226
47,New London ,Connecticut,Total Affected,768,7728,82931996
48,New London ,Connecticut,Unaffected,7009,114761,1585968199
49,Statewide,Delaware,Zone 1,318,3683,36119908
50,Statewide,Delaware,Zone 2,642,9296,103396934
51,Statewide,Delaware,Zone 3,975,14850,218750355
52,Statewide,Delaware,Zone 4,1179,21121,258528852
53,Statewide,Delaware,Total Affected,3114,48950,616796049
54,Statewide,Delaware,Unaffected,31270,407930,5785096575
55,Kent ,Delaware,Zone 1,(1),(1),(1)
56,Kent ,Delaware,Zone 2,(1),(1),(1)
57,Kent ,Delaware,Zone 3,(1),(1),(1)
58,Kent ,Delaware,Zone 4,(1),(1),(1)
59,Kent ,Delaware,Total Affected,178,3261,33011057
60,Kent ,Delaware,Unaffected,4224,64550,753452054
61,New Castle ,Delaware,Zone 1,57,985,12902825
62,New Castle ,Delaware,Zone 2,142,3277,59736368
63,New Castle ,Delaware,Zone 3,440,9933,174051602
64,New Castle ,Delaware,Zone 4,464,8541,125025151
65,New Castle ,Delaware,Total Affected,1103,22735,371715946
66,New Castle ,Delaware,Unaffected,20193,270407,4203755059
67,Sussex ,Delaware,Zone 1,237,2497,21543548
68,Sussex ,Delaware,Zone 2,482,5649,39658631
69,Sussex ,Delaware,Zone 3,485,4578,42042496
70,Sussex ,Delaware,Zone 4,629,10229,108824371
71,Sussex ,Delaware,Total Affected,1833,22953,212069046
72,Sussex ,Delaware,Unaffected,5658,65891,691071366
73,Statewide,District of Columbia,Zone 1,(1),(1),(1)
74,Statewide,District of Columbia,Zone 2,(1),(1),(1)
75,Statewide,District of Columbia,Zone 3,(1),(1),(1)
76,Statewide,District of Columbia,Zone 4,(1),(1),(1)
77,Statewide,District of Columbia,Total Affected,2716,117547,3334805968
78,Statewide,District of Columbia,Unaffected,38890,658422,15339840901
79,Statewide,Florida,Zone 1,14969,165733,1917210232
80,Statewide,Florida,Zone 2,35374,505728,6652440018
81,Statewide,Florida,Zone 3,37128,538193,6773235649
82,Statewide,Florida,Zone 4,35529,488292,5962947106
83,Statewide,Florida,Total Affected,123000,1697945,21305833005
84,Statewide,Florida,Unaffected,601786,7085465,87687857297
85,Bay ,Florida,Zone 1,(1),(1),(1)
86,Bay ,Florida,Zone 2,(1),(1),(1)
87,Bay ,Florida,Zone 3,(1),(1),(1)
88,Bay ,Florida,Zone 4,(1),(1),(1)
89,Bay ,Florida,Total Affected,609,8280,81567233
90,Bay ,Florida,Unaffected,5206,66634,712255804
91,Brevard ,Florida,Zone 1,46,1185,15536203
92,Brevard ,Florida,Zone 2,997,16025,207852870
93,Brevard ,Florida,Zone 3,1999,25520,339937538
94,Brevard ,Florida,Zone 4,767,12928,151241255
95,Brevard ,Florida,Total Affected,3809,55657,714567866
96,Brevard ,Florida,Unaffected,12808,166674,2054018763
97,Broward ,Florida,Zone 1,150,1820,15374764
98,Broward ,Florida,Zone 2,786,7311,98594366
99,Broward ,Florida,Zone 3,2181,31155,428102407
100,Broward ,Florida,Zone 4,3542,39530,547895017
101,Broward ,Florida,Total Affected,6659,79816,1089966554
102,Broward ,Florida,Unaffected,65426,736467,9522640497
103,Charlotte ,Florida,Zone 1,737,8920,101999106
104,Charlotte ,Florida,Zone 2,1933,23240,226864204
105,Charlotte ,Florida,Zone 3,432,3186,27683839
106,Charlotte ,Florida,Zone 4,250,3715,35436875
107,Charlotte ,Florida,Total Affected,3352,39061,391984024
108,Charlotte ,Florida,Unaffected,1535,8312,73817803
109,Citrus ,Florida,Zone 1,501,5969,63252698
110,Citrus ,Florida,Zone 2,298,3591,35741993
111,Citrus ,Florida,Zone 3,43,288,4091370
112,Citrus ,Florida,Zone 4,29,100,969403
113,Citrus ,Florida,Total Affected,871,9948,104055464
114,Citrus ,Florida,Unaffected,2341,21960,195241254
115,Clay ,Florida,Zone 1,(1),(1),(1)
116,Clay ,Florida,Zone 2,(1),(1),(1)
117,Clay ,Florida,Zone 3,(1),(1),(1)
118,Clay ,Florida,Zone 4,(1),(1),(1)
119,Clay ,Florida,Total Affected,65,467,4454794
120,Clay ,Florida,Unaffected,4628,52214,506719024
121,Collier ,Florida,Zone 1,2368,25824,292375564
122,Collier ,Florida,Zone 2,4729,60782,737374192
123,Collier ,Florida,Zone 3,2629,24801,311368388
124,Collier ,Florida,Zone 4,159,2982,39125112
125,Collier ,Florida,Total Affected,9885,114390,1380243256
126,Collier ,Florida,Unaffected,5298,30029,346921447
127,DeSoto ,Florida,Zone 1,(1),(1),(1)
128,DeSoto ,Florida,Zone 2,(1),(1),(1)
129,DeSoto ,Florida,Zone 3,(1),(1),(1)
130,DeSoto ,Florida,Zone 4,(1),(1),(1)
131,DeSoto ,Florida,Total Affected,51,386,3683783
132,DeSoto ,Florida,Unaffected,641,8574,78628501
133,Dixie ,Florida,Zone 1,(1),(1),(1)
134,Dixie ,Florida,Zone 2,(1),(1),(1)
135,Dixie ,Florida,Zone 3,(1),(1),(1)
136,Dixie ,Florida,Zone 4,(1),(1),(1)
137,Dixie ,Florida,Total Affected,44,505,3769397
138,Dixie ,Florida,Unaffected,195,2120,19331148
139,Duval ,Florida,Zone 1,112,4950,86685364
140,Duval ,Florida,Zone 2,334,9906,158535271
141,Duval ,Florida,Zone 3,2435,51961,739363153
142,Duval ,Florida,Zone 4,809,18068,258612049
143,Duval ,Florida,Total Affected,3690,84886,1243195837
144,Duval ,Florida,Unaffected,27366,437181,5595058389
145,Escambia ,Florida,Zone 1,(1),(1),(1)
146,Escambia ,Florida,Zone 2,(1),(1),(1)
147,Escambia ,Florida,Zone 3,(1),(1),(1)
148,Escambia ,Florida,Zone 4,(1),(1),(1)
149,Escambia ,Florida,Total Affected,825,20166,207763853
150,Escambia ,Florida,Unaffected,7610,117560,1325133777
151,Flagler ,Florida,Zone 1,68,387,3109498
152,Flagler ,Florida,Zone 2,36,93,1468418
153,Flagler ,Florida,Zone 3,122,872,9027072
154,Flagler ,Florida,Zone 4,87,537,4283071
155,Flagler ,Florida,Total Affected,313,1889,17888059
156,Flagler ,Florida,Unaffected,2401,21930,188768143
157,Franklin ,Florida,Zone 1,36,313,2779504
158,Franklin ,Florida,Zone 2,60,746,6595374
159,Franklin ,Florida,Zone 3,73,601,5034978
160,Franklin ,Florida,Zone 4,40,497,3853303
161,Franklin ,Florida,Total Affected,209,2157,18263159
162,Franklin ,Florida,Unaffected,160,1157,8938138
163,Gilchrist ,Florida,Zone 1,(1),(1),(1)
164,Gilchrist ,Florida,Zone 2,(1),(1),(1)
165,Gilchrist ,Florida,Zone 3,(1),(1),(1)
166,Gilchrist ,Florida,Zone 4,(1),(1),(1)
167,Gilchrist ,Florida,Total Affected,(1),(1),(1)
168,Gilchrist ,Florida,Unaffected,(1),(1),(1)
169,Glades ,Florida,Zone 1,(1),(1),(1)
170,Glades ,Florida,Zone 2,(1),(1),(1)
171,Glades ,Florida,Zone 3,(1),(1),(1)
172,Glades ,Florida,Zone 4,(1),(1),(1)
173,Glades ,Florida,Total Affected,29,259,2338770
174,Glades ,Florida,Unaffected,157,1570,17021689
175,Gulf ,Florida,Zone 1,(1),(1),(1)
176,Gulf ,Florida,Zone 2,(1),(1),(1)
177,Gulf ,Florida,Zone 3,(1),(1),(1)
178,Gulf ,Florida,Zone 4,(1),(1),(1)
179,Gulf ,Florida,Total Affected,166,1582,15190374
180,Gulf ,Florida,Unaffected,264,2122,19455256
181,Hendry ,Florida,Zone 1,(1),(1),(1)
182,Hendry ,Florida,Zone 2,(1),(1),(1)
183,Hendry ,Florida,Zone 3,(1),(1),(1)
184,Hendry ,Florida,Zone 4,(1),(1),(1)
185,Hendry ,Florida,Total Affected,61,418,3284863
186,Hendry ,Florida,Unaffected,879,10716,98851375
187,Hernando ,Florida,Zone 1,(1),(1),(1)
188,Hernando ,Florida,Zone 2,(1),(1),(1)
189,Hernando ,Florida,Zone 3,(1),(1),(1)
190,Hernando ,Florida,Zone 4,(1),(1),(1)
191,Hernando ,Florida,Total Affected,301,3736,26320376
192,Hernando ,Florida,Unaffected,3660,40614,385972685
193,Highlands ,Florida,Zone 1,(1),(1),(1)
194,Highlands ,Florida,Zone 2,(1),(1),(1)
195,Highlands ,Florida,Zone 3,(1),(1),(1)
196,Highlands ,Florida,Zone 4,(1),(1),(1)
197,Highlands ,Florida,Total Affected,(1),(1),(1)
198,Highlands ,Florida,Unaffected,(1),(1),(1)
199,Hillsborough ,Florida,Zone 1,1024,16813,270764227
200,Hillsborough ,Florida,Zone 2,3553,79894,1286949169
201,Hillsborough ,Florida,Zone 3,2560,46070,724541178
202,Hillsborough ,Florida,Zone 4,3281,75957,950884092
203,Hillsborough ,Florida,Total Affected,10418,218734,3233138666
204,Hillsborough ,Florida,Unaffected,35237,481653,6294533734
205,Indian River ,Florida,Zone 1,(1),(1),(1)
206,Indian River ,Florida,Zone 2,(1),(1),(1)
207,Indian River ,Florida,Zone 3,(1),(1),(1)
208,Indian River ,Florida,Zone 4,(1),(1),(1)
209,Indian River ,Florida,Total Affected,1138,12556,145715173
210,Indian River ,Florida,Unaffected,4099,39705,399566679
211,Jefferson ,Florida,Zone 1,(1),(1),(1)
212,Jefferson ,Florida,Zone 2,(1),(1),(1)
213,Jefferson ,Florida,Zone 3,(1),(1),(1)
214,Jefferson ,Florida,Zone 4,(1),(1),(1)
215,Jefferson ,Florida,Total Affected,(1),(1),(1)
216,Jefferson ,Florida,Unaffected,(1),(1),(1)
217,Lafayette ,Florida,Zone 1,0,0,0
218,Lafayette ,Florida,Zone 2,0,0,0
219,Lafayette ,Florida,Zone 3,0,0,0
220,Lafayette ,Florida,Zone 4,0,0,0
221,Lafayette ,Florida,Total Affected,0,0,0
222,Lafayette ,Florida,Unaffected,133,1333,11171769
223,Lee ,Florida,Zone 1,3310,31258,324012267
224,Lee ,Florida,Zone 2,6841,78986,871911295
225,Lee ,Florida,Zone 3,3857,80151,936192767
226,Lee ,Florida,Zone 4,1135,20001,239364287
227,Lee ,Florida,Total Affected,15143,210396,2371480616
228,Lee ,Florida,Unaffected,8550,52017,540716897
229,Leon ,Florida,Zone 1,(1),(1),(1)
230,Leon ,Florida,Zone 2,(1),(1),(1)
231,Leon ,Florida,Zone 3,(1),(1),(1)
232,Leon ,Florida,Zone 4,(1),(1),(1)
233,Leon ,Florida,Total Affected,(1),(1),(1)
234,Leon ,Florida,Unaffected,(1),(1),(1)
235,Levy ,Florida,Zone 1,(1),(1),(1)
236,Levy ,Florida,Zone 2,(1),(1),(1)
237,Levy ,Florida,Zone 3,(1),(1),(1)
238,Levy ,Florida,Zone 4,(1),(1),(1)
239,Levy ,Florida,Total Affected,108,907,8042643
240,Levy ,Florida,Unaffected,906,7741,61128518
241,Liberty ,Florida,Zone 1,0,0,0
242,Liberty ,Florida,Zone 2,0,0,0
243,Liberty ,Florida,Zone 3,0,0,0
244,Liberty ,Florida,Zone 4,0,0,0
245,Liberty ,Florida,Total Affected,0,0,0
246,Liberty ,Florida,Unaffected,130,1852,16793346
247,Manatee ,Florida,Zone 1,446,3066,28060807
248,Manatee ,Florida,Zone 2,454,4314,46642419
249,Manatee ,Florida,Zone 3,649,7612,80139368
250,Manatee ,Florida,Zone 4,1075,18794,218489945
251,Manatee ,Florida,Total Affected,2624,33787,373332539
252,Manatee ,Florida,Unaffected,9070,92876,1009502780
253,Martin ,Florida,Zone 1,(1),(1),(1)
254,Martin ,Florida,Zone 2,(1),(1),(1)
255,Martin ,Florida,Zone 3,(1),(1),(1)
256,Martin ,Florida,Zone 4,(1),(1),(1)
257,Martin ,Florida,Total Affected,491,3069,35402016
258,Martin ,Florida,Unaffected,6138,65077,679391062
259,Miami-Dade ,Florida,Zone 1,590,7213,92630324
260,Miami-Dade ,Florida,Zone 2,4698,74478,1105380493
261,Miami-Dade ,Florida,Zone 3,6326,81931,1108129598
262,Miami-Dade ,Florida,Zone 4,12493,138523,1703718231
263,Miami-Dade ,Florida,Total Affected,24107,302144,4009858646
264,Miami-Dade ,Florida,Unaffected,78786,849914,11551838584
265,Monroe ,Florida,Zone 1,1093,9796,107785235
266,Monroe ,Florida,Zone 2,1109,11802,120266726
267,Monroe ,Florida,Zone 3,562,6326,62015921
268,Monroe ,Florida,Zone 4,295,3271,32391998
269,Monroe ,Florida,Total Affected,3059,31195,322459880
270,Monroe ,Florida,Unaffected,1539,9758,115850784
271,Nassau ,Florida,Zone 1,(1),(1),(1)
272,Nassau ,Florida,Zone 2,(1),(1),(1)
273,Nassau ,Florida,Zone 3,(1),(1),(1)
274,Nassau ,Florida,Zone 4,(1),(1),(1)
275,Nassau ,Florida,Total Affected,562,7201,75314378
276,Nassau ,Florida,Unaffected,1755,16369,164412982
277,Okaloosa ,Florida,Zone 1,(1),(1),(1)
278,Okaloosa ,Florida,Zone 2,(1),(1),(1)
279,Okaloosa ,Florida,Zone 3,(1),(1),(1)
280,Okaloosa ,Florida,Zone 4,(1),(1),(1)
281,Okaloosa ,Florida,Total Affected,555,6018,57908723
282,Okaloosa ,Florida,Unaffected,6230,80137,942821901
283,Okeechobee ,Florida,Zone 1,(1),(1),(1)
284,Okeechobee ,Florida,Zone 2,(1),(1),(1)
285,Okeechobee ,Florida,Zone 3,(1),(1),(1)
286,Okeechobee ,Florida,Zone 4,(1),(1),(1)
287,Okeechobee ,Florida,Total Affected,23,266,2631656
288,Okeechobee ,Florida,Unaffected,1032,10939,97894851
289,Palm Beach ,Florida,Zone 1,453,4728,83977802
290,Palm Beach ,Florida,Zone 2,1533,15793,232991229
291,Palm Beach ,Florida,Zone 3,1354,9842,121927937
292,Palm Beach ,Florida,Zone 4,1523,16882,286043555
293,Palm Beach ,Florida,Total Affected,4863,47246,724940523
294,Palm Beach ,Florida,Unaffected,54154,557281,7208420313
295,Pasco ,Florida,Zone 1,397,3771,35137006
296,Pasco ,Florida,Zone 2,1003,11910,120686492
297,Pasco ,Florida,Zone 3,743,9825,100297844
298,Pasco ,Florida,Zone 4,515,4843,46788744
299,Pasco ,Florida,Total Affected,2658,30349,302910086
300,Pasco ,Florida,Unaffected,8994,89376,903456528
301,Pinellas ,Florida,Zone 1,2348,28117,287822990
302,Pinellas ,Florida,Zone 2,3654,66715,1013746776
303,Pinellas ,Florida,Zone 3,3446,60484,702983755
304,Pinellas ,Florida,Zone 4,2784,39098,442317190
305,Pinellas ,Florida,Total Affected,12232,194413,2446870711
306,Pinellas ,Florida,Unaffected,22542,241365,2827151817
307,Putnam ,Florida,Zone 1,(1),(1),(1)
308,Putnam ,Florida,Zone 2,(1),(1),(1)
309,Putnam ,Florida,Zone 3,(1),(1),(1)
310,Putnam ,Florida,Zone 4,(1),(1),(1)
311,Putnam ,Florida,Total Affected,(1),(1),(1)
312,Putnam ,Florida,Unaffected,(1),(1),(1)
313,St. Johns ,Florida,Zone 1,143,1589,12479558
314,St. Johns ,Florida,Zone 2,843,15637,142515026
315,St. Johns ,Florida,Zone 3,1085,17742,255480769
316,St. Johns ,Florida,Zone 4,282,2814,33252706
317,St. Johns ,Florida,Total Affected,2353,37782,443728059
318,St. Johns ,Florida,Unaffected,5651,40397,421236127
319,St. Lucie ,Florida,Zone 1,(1),(1),(1)
320,St. Lucie ,Florida,Zone 2,(1),(1),(1)
321,St. Lucie ,Florida,Zone 3,(1),(1),(1)
322,St. Lucie ,Florida,Zone 4,(1),(1),(1)
323,St. Lucie ,Florida,Total Affected,221,2795,38995642
324,St. Lucie ,Florida,Unaffected,6772,75887,766726860
325,Santa Rosa ,Florida,Zone 1,(1),(1),(1)
326,Santa Rosa ,Florida,Zone 2,(1),(1),(1)
327,Santa Rosa ,Florida,Zone 3,(1),(1),(1)
328,Santa Rosa ,Florida,Zone 4,(1),(1),(1)
329,Santa Rosa ,Florida,Total Affected,346,5633,42795875
330,Santa Rosa ,Florida,Unaffected,3414,34285,328047600
331,Sarasota ,Florida,Zone 1,789,7357,70826439
332,Sarasota ,Florida,Zone 2,1411,12315,119018906
333,Sarasota ,Florida,Zone 3,2440,27780,290980465
334,Sarasota ,Florida,Zone 4,1575,29561,385612164
335,Sarasota ,Florida,Total Affected,6215,77014,866437974
336,Sarasota ,Florida,Unaffected,10437,91764,1103429503
337,Taylor ,Florida,Zone 1,(1),(1),(1)
338,Taylor ,Florida,Zone 2,(1),(1),(1)
339,Taylor ,Florida,Zone 3,(1),(1),(1)
340,Taylor ,Florida,Zone 4,(1),(1),(1)
341,Taylor ,Florida,Total Affected,37,391,3307262
342,Taylor ,Florida,Unaffected,402,5993,58315404
343,Volusia ,Florida,Zone 1,52,609,4524386
344,Volusia ,Florida,Zone 2,289,2003,18729083
345,Volusia ,Florida,Zone 3,1660,15423,137556514
346,Volusia ,Florida,Zone 4,2391,30162,287273365
347,Volusia ,Florida,Total Affected,4392,48197,448083348
348,Volusia ,Florida,Unaffected,10784,123766,1257201600
349,Wakulla ,Florida,Zone 1,(1),(1),(1)
350,Wakulla ,Florida,Zone 2,(1),(1),(1)
351,Wakulla ,Florida,Zone 3,(1),(1),(1)
352,Wakulla ,Florida,Zone 4,(1),(1),(1)
353,Wakulla ,Florida,Total Affected,193,2659,28153789
354,Wakulla ,Florida,Unaffected,333,3120,26342836
355,Walton ,Florida,Zone 1,(1),(1),(1)
356,Walton ,Florida,Zone 2,(1),(1),(1)
357,Walton ,Florida,Zone 3,(1),(1),(1)
358,Walton ,Florida,Zone 4,(1),(1),(1)
359,Walton ,Florida,Total Affected,285,1378,13725611
360,Walton ,Florida,Unaffected,2687,26457,267870390
361,Washington ,Florida,Zone 1,0,0,0
362,Washington ,Florida,Zone 2,0,0,0
363,Washington ,Florida,Zone 3,0,0,0
364,Washington ,Florida,Zone 4,0,0,0
365,Washington ,Florida,Total Affected,0,0,0
366,Washington ,Florida,Unaffected,497,6037,52944106
367,Statewide,Georgia,Zone 1,863,9084,90671165
368,Statewide,Georgia,Zone 2,2760,46530,553252030
369,Statewide,Georgia,Zone 3,3429,56389,594102892
370,Statewide,Georgia,Zone 4,2282,40419,406566521
371,Statewide,Georgia,Total Affected,9334,152423,1644592608
372,Statewide,Georgia,Unaffected,280432,4350919,58421671546
373,Brantley ,Georgia,Zone 1,(1),(1),(1)
374,Brantley ,Georgia,Zone 2,(1),(1),(1)
375,Brantley ,Georgia,Zone 3,(1),(1),(1)
376,Brantley ,Georgia,Zone 4,(1),(1),(1)
377,Brantley ,Georgia,Total Affected,(1),(1),(1)
378,Brantley ,Georgia,Unaffected,(1),(1),(1)
379,Bryan ,Georgia,Zone 1,28,379,2203880
380,Bryan ,Georgia,Zone 2,196,1696,13190236
381,Bryan ,Georgia,Zone 3,244,3115,27382180
382,Bryan ,Georgia,Zone 4,33,719,6571400
383,Bryan ,Georgia,Total Affected,501,5909,49347696
384,Bryan ,Georgia,Unaffected,228,3085,32722629
385,Camden ,Georgia,Zone 1,29,113,822517
386,Camden ,Georgia,Zone 2,123,1899,23435877
387,Camden ,Georgia,Zone 3,133,1216,10864615
388,Camden ,Georgia,Zone 4,228,2935,24223602
389,Camden ,Georgia,Total Affected,513,6162,59346611
390,Camden ,Georgia,Unaffected,420,8153,96512794
391,Charlton ,Georgia,Zone 1,(1),(1),(1)
392,Charlton ,Georgia,Zone 2,(1),(1),(1)
393,Charlton ,Georgia,Zone 3,(1),(1),(1)
394,Charlton ,Georgia,Zone 4,(1),(1),(1)
395,Charlton ,Georgia,Total Affected,(1),(1),(1)
396,Charlton ,Georgia,Unaffected,(1),(1),(1)
397,Chatham ,Georgia,Zone 1,361,3648,38622799
398,Chatham ,Georgia,Zone 2,1168,20506,247450513
399,Chatham ,Georgia,Zone 3,2407,42485,470526149
400,Chatham ,Georgia,Zone 4,1848,34787,358634636
401,Chatham ,Georgia,Total Affected,5784,101426,1115234097
402,Chatham ,Georgia,Unaffected,2426,56428,750438970
403,Effingham ,Georgia,Zone 1,(1),(1),(1)
404,Effingham ,Georgia,Zone 2,(1),(1),(1)
405,Effingham ,Georgia,Zone 3,(1),(1),(1)
406,Effingham ,Georgia,Zone 4,(1),(1),(1)
407,Effingham ,Georgia,Total Affected,28,382,4460694
408,Effingham ,Georgia,Unaffected,790,10463,107959060
409,Glynn ,Georgia,Zone 1,428,4851,48221270
410,Glynn ,Georgia,Zone 2,1169,19849,225238430
411,Glynn ,Georgia,Zone 3,519,6591,57078287
412,Glynn ,Georgia,Zone 4,90,1118,8185039
413,Glynn ,Georgia,Total Affected,2206,32408,338723026
414,Glynn ,Georgia,Unaffected,461,6600,105686017
415,Liberty ,Georgia,Zone 1,(1),(1),(1)
416,Liberty ,Georgia,Zone 2,(1),(1),(1)
417,Liberty ,Georgia,Zone 3,(1),(1),(1)
418,Liberty ,Georgia,Zone 4,(1),(1),(1)
419,Liberty ,Georgia,Total Affected,173,4906,66342284
420,Liberty ,Georgia,Unaffected,720,14170,138455868
421,Long ,Georgia,Zone 1,0,0,0
422,Long ,Georgia,Zone 2,0,0,0
423,Long ,Georgia,Zone 3,0,0,0
424,Long ,Georgia,Zone 4,0,0,0
425,Long ,Georgia,Total Affected,0,0,0
426,Long ,Georgia,Unaffected,78,1051,8205617
427,McIntosh ,Georgia,Zone 1,(1),(1),(1)
428,McIntosh ,Georgia,Zone 2,(1),(1),(1)
429,McIntosh ,Georgia,Zone 3,(1),(1),(1)
430,McIntosh ,Georgia,Zone 4,(1),(1),(1)
431,McIntosh ,Georgia,Total Affected,117,1054,9512709
432,McIntosh ,Georgia,Unaffected,74,708,4909926
433,Wayne ,Georgia,Zone 1,(1),(1),(1)
434,Wayne ,Georgia,Zone 2,(1),(1),(1)
435,Wayne ,Georgia,Zone 3,(1),(1),(1)
436,Wayne ,Georgia,Zone 4,(1),(1),(1)
437,Wayne ,Georgia,Total Affected,(1),(1),(1)
438,Wayne ,Georgia,Unaffected,(1),(1),(1)
439,Statewide,Louisiana,Zone 1,1849,23990,318734248
440,Statewide,Louisiana,Zone 2,18512,242337,2886574418
441,Statewide,Louisiana,Zone 3,18199,285975,3861743196
442,Statewide,Louisiana,Zone 4,2683,39629,566236643
443,Statewide,Louisiana,Total Affected,41243,591931,7633288505
444,Statewide,Louisiana,Unaffected,94741,1313633,15234295203
445,Ascension ,Louisiana,Zone 1,25,154,2039828
446,Ascension ,Louisiana,Zone 2,1120,15634,195024223
447,Ascension ,Louisiana,Zone 3,836,11240,169206011
448,Ascension ,Louisiana,Zone 4,570,12242,187104773
449,Ascension ,Louisiana,Total Affected,2551,39270,553374835
450,Ascension ,Louisiana,Unaffected,509,6782,86593837
451,Assumption ,Louisiana,Zone 1,(1),(1),(1)
452,Assumption ,Louisiana,Zone 2,(1),(1),(1)
453,Assumption ,Louisiana,Zone 3,(1),(1),(1)
454,Assumption ,Louisiana,Zone 4,(1),(1),(1)
455,Assumption ,Louisiana,Total Affected,263,3403,36865737
456,Assumption ,Louisiana,Unaffected,44,462,4852378
457,Jefferson ,Louisiana,Zone 1,(1),(1),(1)
458,Jefferson ,Louisiana,Zone 2,(1),(1),(1)
459,Jefferson ,Louisiana,Zone 3,(1),(1),(1)
460,Jefferson ,Louisiana,Zone 4,(1),(1),(1)
461,Jefferson ,Louisiana,Total Affected,13051,176791,2158491569
462,Jefferson ,Louisiana,Unaffected,1308,11715,158351604
463,Lafourche ,Louisiana,Zone 1,(1),(1),(1)
464,Lafourche ,Louisiana,Zone 2,(1),(1),(1)
465,Lafourche ,Louisiana,Zone 3,(1),(1),(1)
466,Lafourche ,Louisiana,Zone 4,(1),(1),(1)
467,Lafourche ,Louisiana,Total Affected,1864,31795,404862177
468,Lafourche ,Louisiana,Unaffected,187,2455,38815555
469,Orleans ,Louisiana,Zone 1,41,506,11225594
470,Orleans ,Louisiana,Zone 2,2891,35886,378606471
471,Orleans ,Louisiana,Zone 3,9107,148391,1990547372
472,Orleans ,Louisiana,Zone 4,82,1124,10770585
473,Orleans ,Louisiana,Total Affected,12121,185907,2391150022
474,Orleans ,Louisiana,Unaffected,1488,11347,155696149
475,Plaquemines ,Louisiana,Zone 1,42,477,11682218
476,Plaquemines ,Louisiana,Zone 2,544,8017,129405533
477,Plaquemines ,Louisiana,Zone 3,108,1936,32455201
478,Plaquemines ,Louisiana,Zone 4,0,0,0
479,Plaquemines ,Louisiana,Total Affected,694,10430,173542952
480,Plaquemines ,Louisiana,Unaffected,86,1240,18186729
481,St. Charles ,Louisiana,Zone 1,(1),(1),(1)
482,St. Charles ,Louisiana,Zone 2,(1),(1),(1)
483,St. Charles ,Louisiana,Zone 3,(1),(1),(1)
484,St. Charles ,Louisiana,Zone 4,(1),(1),(1)
485,St. Charles ,Louisiana,Total Affected,1116,22176,377266384
486,St. Charles ,Louisiana,Unaffected,151,1442,26853190
487,St. James ,Louisiana,Zone 1,(1),(1),(1)
488,St. James ,Louisiana,Zone 2,(1),(1),(1)
489,St. James ,Louisiana,Zone 3,(1),(1),(1)
490,St. James ,Louisiana,Zone 4,(1),(1),(1)
491,St. James ,Louisiana,Total Affected,357,7415,126896778
492,St. James ,Louisiana,Unaffected,62,796,14650722
493,St. John the Baptist ,Louisiana,Zone 1,(1),(1),(1)
494,St. John the Baptist ,Louisiana,Zone 2,(1),(1),(1)
495,St. John the Baptist ,Louisiana,Zone 3,(1),(1),(1)
496,St. John the Baptist ,Louisiana,Zone 4,(1),(1),(1)
497,St. John the Baptist ,Louisiana,Total Affected,823,13339,182586594
498,St. John the Baptist ,Louisiana,Unaffected,113,752,12763142
499,St. Tammany ,Louisiana,Zone 1,555,4116,36863651
500,St. Tammany ,Louisiana,Zone 2,1163,9095,91038891
501,St. Tammany ,Louisiana,Zone 3,1751,20712,248383453
502,St. Tammany ,Louisiana,Zone 4,1647,18564,232742085
503,St. Tammany ,Louisiana,Total Affected,5116,52487,609028080
504,St. Tammany ,Louisiana,Unaffected,3686,37781,445603306
505,Tangipahoa ,Louisiana,Zone 1,(1),(1),(1)
506,Tangipahoa ,Louisiana,Zone 2,(1),(1),(1)
507,Tangipahoa ,Louisiana,Zone 3,(1),(1),(1)
508,Tangipahoa ,Louisiana,Zone 4,(1),(1),(1)
509,Tangipahoa ,Louisiana,Total Affected,253,2022,16885254
510,Tangipahoa ,Louisiana,Unaffected,2842,41645,378321623
511,Terrebonne ,Louisiana,Zone 1,(1),(1),(1)
512,Terrebonne ,Louisiana,Zone 2,(1),(1),(1)
513,Terrebonne ,Louisiana,Zone 3,(1),(1),(1)
514,Terrebonne ,Louisiana,Zone 4,(1),(1),(1)
515,Terrebonne ,Louisiana,Total Affected,3034,46896,602338123
516,Terrebonne ,Louisiana,Unaffected,270,3232,40940715
517,Statewide,Maine,Zone 1,618,9705,115936894
518,Statewide,Maine,Zone 2,505,6401,71145817
519,Statewide,Maine,Zone 3,529,6888,70688383
520,Statewide,Maine,Zone 4,624,8427,93311396
521,Statewide,Maine,Total Affected,2276,31421,351082490
522,Statewide,Maine,Unaffected,52066,605056,6987484359
523,Cumberland ,Maine,Zone 1,326,5154,68893920
524,Cumberland ,Maine,Zone 2,232,3032,33753496
525,Cumberland ,Maine,Zone 3,212,3603,43127524
526,Cumberland ,Maine,Zone 4,316,5018,60340354
527,Cumberland ,Maine,Total Affected,1086,16806,206115294
528,Cumberland ,Maine,Unaffected,12797,172926,2278610782
529,Hancock ,Maine,Zone 1,(1),(1),(1)
530,Hancock ,Maine,Zone 2,(1),(1),(1)
531,Hancock ,Maine,Zone 3,(1),(1),(1)
532,Hancock ,Maine,Zone 4,(1),(1),(1)
533,Hancock ,Maine,Total Affected,183,1555,15030532
534,Hancock ,Maine,Unaffected,2445,24025,238054557
535,Knox ,Maine,Zone 1,(1),(1),(1)
536,Knox ,Maine,Zone 2,(1),(1),(1)
537,Knox ,Maine,Zone 3,(1),(1),(1)
538,Knox ,Maine,Zone 4,(1),(1),(1)
539,Knox ,Maine,Total Affected,119,1432,19629659
540,Knox ,Maine,Unaffected,1865,16850,171174291
541,Lincoln ,Maine,Zone 1,(1),(1),(1)
542,Lincoln ,Maine,Zone 2,(1),(1),(1)
543,Lincoln ,Maine,Zone 3,(1),(1),(1)
544,Lincoln ,Maine,Zone 4,(1),(1),(1)
545,Lincoln ,Maine,Total Affected,82,1428,15708100
546,Lincoln ,Maine,Unaffected,1487,10993,99066128
547,Penobscot ,Maine,Zone 1,(1),(1),(1)
548,Penobscot ,Maine,Zone 2,(1),(1),(1)
549,Penobscot ,Maine,Zone 3,(1),(1),(1)
550,Penobscot ,Maine,Zone 4,(1),(1),(1)
551,Penobscot ,Maine,Total Affected,317,4250,46455828
552,Penobscot ,Maine,Unaffected,4232,66762,732630049
553,Sagadahoc ,Maine,Zone 1,(1),(1),(1)
554,Sagadahoc ,Maine,Zone 2,(1),(1),(1)
555,Sagadahoc ,Maine,Zone 3,(1),(1),(1)
556,Sagadahoc ,Maine,Zone 4,(1),(1),(1)
557,Sagadahoc ,Maine,Total Affected,30,236,2018216
558,Sagadahoc ,Maine,Unaffected,1110,16032,195798688
559,Waldo ,Maine,Zone 1,(1),(1),(1)
560,Waldo ,Maine,Zone 2,(1),(1),(1)
561,Waldo ,Maine,Zone 3,(1),(1),(1)
562,Waldo ,Maine,Zone 4,(1),(1),(1)
563,Waldo ,Maine,Total Affected,38,475,4979727
564,Waldo ,Maine,Unaffected,1173,11311,110578965
565,Washington ,Maine,Zone 1,(1),(1),(1)
566,Washington ,Maine,Zone 2,(1),(1),(1)
567,Washington ,Maine,Zone 3,(1),(1),(1)
568,Washington ,Maine,Zone 4,(1),(1),(1)
569,Washington ,Maine,Total Affected,59,485,3067659
570,Washington ,Maine,Unaffected,990,9790,94563804
571,York ,Maine,Zone 1,174,2242,17073966
572,York ,Maine,Zone 2,26,374,2963966
573,York ,Maine,Zone 3,70,943,6739755
574,York ,Maine,Zone 4,92,1195,11299788
575,York ,Maine,Total Affected,362,4754,38077475
576,York ,Maine,Unaffected,6466,74626,851232918
577,Statewide,Maryland,Zone 1,904,16530,183164814
578,Statewide,Maryland,Zone 2,2576,53833,890656439
579,Statewide,Maryland,Zone 3,2178,35327,550599076
580,Statewide,Maryland,Zone 4,1909,45359,629832475
581,Statewide,Maryland,Total Affected,7567,151049,2254252804
582,Statewide,Maryland,Unaffected,166070,2538423,38604531349
583,Anne Arundel ,Maryland,Zone 1,113,1499,18203053
584,Anne Arundel ,Maryland,Zone 2,198,2128,20355853
585,Anne Arundel ,Maryland,Zone 3,316,2459,32903878
586,Anne Arundel ,Maryland,Zone 4,254,2515,42054770
587,Anne Arundel ,Maryland,Total Affected,881,8601,113517554
588,Anne Arundel ,Maryland,Unaffected,14459,268216,3985715499
589,Baltimore ,Maryland,Zone 1,96,636,4988338
590,Baltimore ,Maryland,Zone 2,140,2683,39465254
591,Baltimore ,Maryland,Zone 3,209,3558,40585452
592,Baltimore ,Maryland,Zone 4,231,6767,60568538
593,Baltimore ,Maryland,Total Affected,676,13644,145607582
594,Baltimore ,Maryland,Unaffected,20612,361708,5031227102
595,Calvert ,Maryland,Zone 1,(1),(1),(1)
596,Calvert ,Maryland,Zone 2,(1),(1),(1)
597,Calvert ,Maryland,Zone 3,(1),(1),(1)
598,Calvert ,Maryland,Zone 4,(1),(1),(1)
599,Calvert ,Maryland,Total Affected,103,1249,8214536
600,Calvert ,Maryland,Unaffected,1768,21321,264814621
601,Caroline ,Maryland,Zone 1,(1),(1),(1)
602,Caroline ,Maryland,Zone 2,(1),(1),(1)
603,Caroline ,Maryland,Zone 3,(1),(1),(1)
604,Caroline ,Maryland,Zone 4,(1),(1),(1)
605,Caroline ,Maryland,Total Affected,35,215,2085755
606,Caroline ,Maryland,Unaffected,654,9657,106968592
607,Cecil ,Maryland,Zone 1,(1),(1),(1)
608,Cecil ,Maryland,Zone 2,(1),(1),(1)
609,Cecil ,Maryland,Zone 3,(1),(1),(1)
610,Cecil ,Maryland,Zone 4,(1),(1),(1)
611,Cecil ,Maryland,Total Affected,160,1818,15695880
612,Cecil ,Maryland,Unaffected,1754,31404,397768829
613,Charles ,Maryland,Zone 1,(1),(1),(1)
614,Charles ,Maryland,Zone 2,(1),(1),(1)
615,Charles ,Maryland,Zone 3,(1),(1),(1)
616,Charles ,Maryland,Zone 4,(1),(1),(1)
617,Charles ,Maryland,Total Affected,59,283,2801994
618,Charles ,Maryland,Unaffected,2840,40853,480889575
619,Dorchester ,Maryland,Zone 1,49,536,3818393
620,Dorchester ,Maryland,Zone 2,57,410,4936838
621,Dorchester ,Maryland,Zone 3,22,276,2427028
622,Dorchester ,Maryland,Zone 4,93,1769,19098883
623,Dorchester ,Maryland,Total Affected,221,2992,30281142
624,Dorchester ,Maryland,Unaffected,487,8329,81430519
625,Harford ,Maryland,Zone 1,(1),(1),(1)
626,Harford ,Maryland,Zone 2,(1),(1),(1)
627,Harford ,Maryland,Zone 3,(1),(1),(1)
628,Harford ,Maryland,Zone 4,(1),(1),(1)
629,Harford ,Maryland,Total Affected,129,1543,27352239
630,Harford ,Maryland,Unaffected,5804,92655,1262395356
631,Kent ,Maryland,Zone 1,(1),(1),(1)
632,Kent ,Maryland,Zone 2,(1),(1),(1)
633,Kent ,Maryland,Zone 3,(1),(1),(1)
634,Kent ,Maryland,Zone 4,(1),(1),(1)
635,Kent ,Maryland,Total Affected,82,655,4971165
636,Kent ,Maryland,Unaffected,633,7476,76936841
637,Prince George's ,Maryland,Zone 1,(1),(1),(1)
638,Prince George's ,Maryland,Zone 2,(1),(1),(1)
639,Prince George's ,Maryland,Zone 3,(1),(1),(1)
640,Prince George's ,Maryland,Zone 4,(1),(1),(1)
641,Prince George's ,Maryland,Total Affected,230,9627,213809444
642,Prince George's ,Maryland,Unaffected,16143,309756,4584106111
643,Queen Anne's ,Maryland,Zone 1,66,1118,7707568
644,Queen Anne's ,Maryland,Zone 2,86,548,5093644
645,Queen Anne's ,Maryland,Zone 3,121,1438,12148799
646,Queen Anne's ,Maryland,Zone 4,286,2518,25900771
647,Queen Anne's ,Maryland,Total Affected,559,5622,50850782
648,Queen Anne's ,Maryland,Unaffected,920,10317,110943191
649,St. Mary's ,Maryland,Zone 1,53,973,9815863
650,St. Mary's ,Maryland,Zone 2,22,139,1252019
651,St. Mary's ,Maryland,Zone 3,47,551,9690801
652,St. Mary's ,Maryland,Zone 4,51,257,2020222
653,St. Mary's ,Maryland,Total Affected,173,1920,22778905
654,St. Mary's ,Maryland,Unaffected,2019,44121,744386019
655,Somerset ,Maryland,Zone 1,107,1031,8233419
656,Somerset ,Maryland,Zone 2,78,1649,18636817
657,Somerset ,Maryland,Zone 3,30,149,1325838
658,Somerset ,Maryland,Zone 4,44,1424,22696834
659,Somerset ,Maryland,Total Affected,259,4253,50892908
660,Somerset ,Maryland,Unaffected,217,2417,27614193
661,Talbot ,Maryland,Zone 1,28,322,2934568
662,Talbot ,Maryland,Zone 2,106,713,6148915
663,Talbot ,Maryland,Zone 3,142,1124,10339900
664,Talbot ,Maryland,Zone 4,63,488,4239619
665,Talbot ,Maryland,Total Affected,339,2647,23663002
666,Talbot ,Maryland,Unaffected,1211,16421,179508524
667,Wicomico ,Maryland,Zone 1,(1),(1),(1)
668,Wicomico ,Maryland,Zone 2,(1),(1),(1)
669,Wicomico ,Maryland,Zone 3,(1),(1),(1)
670,Wicomico ,Maryland,Zone 4,(1),(1),(1)
671,Wicomico ,Maryland,Total Affected,175,2706,28083287
672,Wicomico ,Maryland,Unaffected,2403,41584,452483625
673,Worcester ,Maryland,Zone 1,208,4779,42497296
674,Worcester ,Maryland,Zone 2,771,11076,89427083
675,Worcester ,Maryland,Zone 3,542,6689,53066913
676,Worcester ,Maryland,Zone 4,76,710,5820038
677,Worcester ,Maryland,Total Affected,1597,23254,190811330
678,Worcester ,Maryland,Unaffected,617,6689,68703973
679,Baltimore City ,Maryland,Zone 1,125,4488,72757422
680,Baltimore City ,Maryland,Zone 2,887,31281,678003410
681,Baltimore City ,Maryland,Zone 3,417,9931,186183498
682,Baltimore City ,Maryland,Zone 4,460,24321,385890969
683,Baltimore City ,Maryland,Total Affected,1889,70021,1322835299
684,Baltimore City ,Maryland,Unaffected,11855,271120,4173300233
685,Statewide,Massachusetts,Zone 1,2690,70478,1404297461
686,Statewide,Massachusetts,Zone 2,14461,389521,9528284138
687,Statewide,Massachusetts,Zone 3,1277,12548,141038220
688,Statewide,Massachusetts,Zone 4,4131,78518,1735945530
689,Statewide,Massachusetts,Total Affected,22559,551066,12809565349
690,Statewide,Massachusetts,Unaffected,241587,3091443,51549490970
691,Barnstable ,Massachusetts,Zone 1,152,2221,31186243
692,Barnstable ,Massachusetts,Zone 2,310,4097,41388584
693,Barnstable ,Massachusetts,Zone 3,420,4607,46599383
694,Barnstable ,Massachusetts,Zone 4,539,6094,68128296
695,Barnstable ,Massachusetts,Total Affected,1421,17019,187302506
696,Barnstable ,Massachusetts,Unaffected,8282,93086,1121184510
697,Bristol ,Massachusetts,Zone 1,32,586,6253362
698,Bristol ,Massachusetts,Zone 2,128,926,9572186
699,Bristol ,Massachusetts,Zone 3,193,1698,20569682
700,Bristol ,Massachusetts,Zone 4,231,1935,24767627
701,Bristol ,Massachusetts,Total Affected,584,5145,61162857
702,Bristol ,Massachusetts,Unaffected,17518,221980,2810804767
703,Essex ,Massachusetts,Zone 1,240,2091,26324809
704,Essex ,Massachusetts,Zone 2,931,15667,253064947
705,Essex ,Massachusetts,Zone 3,422,4077,48903598
706,Essex ,Massachusetts,Zone 4,500,5289,61228168
707,Essex ,Massachusetts,Total Affected,2093,27124,389521522
708,Essex ,Massachusetts,Unaffected,25498,297734,4482637841
709,Middlesex ,Massachusetts,Zone 1,(1),(1),(1)
710,Middlesex ,Massachusetts,Zone 2,(1),(1),(1)
711,Middlesex ,Massachusetts,Zone 3,(1),(1),(1)
712,Middlesex ,Massachusetts,Zone 4,(1),(1),(1)
713,Middlesex ,Massachusetts,Total Affected,4605,132319,3847383569
714,Middlesex ,Massachusetts,Unaffected,52431,804689,15942647566
715,Norfolk ,Massachusetts,Zone 1,(1),(1),(1)
716,Norfolk ,Massachusetts,Zone 2,(1),(1),(1)
717,Norfolk ,Massachusetts,Zone 3,(1),(1),(1)
718,Norfolk ,Massachusetts,Zone 4,(1),(1),(1)
719,Norfolk ,Massachusetts,Total Affected,559,17888,327634302
720,Norfolk ,Massachusetts,Unaffected,25117,334157,5237304677
721,Plymouth ,Massachusetts,Zone 1,197,1658,17091457
722,Plymouth ,Massachusetts,Zone 2,434,3757,31808750
723,Plymouth ,Massachusetts,Zone 3,187,1709,19674614
724,Plymouth ,Massachusetts,Zone 4,349,4599,43392873
725,Plymouth ,Massachusetts,Total Affected,1167,11724,111967694
726,Plymouth ,Massachusetts,Unaffected,15440,185577,2544947200
727,Suffolk ,Massachusetts,Zone 1,1167,44671,808092952
728,Suffolk ,Massachusetts,Zone 2,9265,245091,5734769112
729,Suffolk ,Massachusetts,Zone 3,47,342,3413245
730,Suffolk ,Massachusetts,Zone 4,1651,49742,1338317590
731,Suffolk ,Massachusetts,Total Affected,12130,339847,7884592899
732,Suffolk ,Massachusetts,Unaffected,19950,362077,8392502759
733,Statewide,Mississippi,Zone 1,315,15047,166618400
734,Statewide,Mississippi,Zone 2,1056,27757,325449255
735,Statewide,Mississippi,Zone 3,1982,31751,331406921
736,Statewide,Mississippi,Zone 4,2538,41991,375861411
737,Statewide,Mississippi,Total Affected,5891,116546,1199335987
738,Statewide,Mississippi,Unaffected,68661,1016042,10110581920
739,Hancock ,Mississippi,Zone 1,(1),(1),(1)
740,Hancock ,Mississippi,Zone 2,(1),(1),(1)
741,Hancock ,Mississippi,Zone 3,(1),(1),(1)
742,Hancock ,Mississippi,Zone 4,(1),(1),(1)
743,Hancock ,Mississippi,Total Affected,530,7058,65012079
744,Hancock ,Mississippi,Unaffected,355,6594,101000155
745,Harrison ,Mississippi,Zone 1,182,10474,80040288
746,Harrison ,Mississippi,Zone 2,372,7928,63595691
747,Harrison ,Mississippi,Zone 3,833,15908,175465855
748,Harrison ,Mississippi,Zone 4,1899,33120,297054453
749,Harrison ,Mississippi,Total Affected,3286,67430,616156287
750,Harrison ,Mississippi,Unaffected,1326,19986,203960333
751,Jackson ,Mississippi,Zone 1,82,3512,75972945
752,Jackson ,Mississippi,Zone 2,531,17272,236919246
753,Jackson ,Mississippi,Zone 3,840,12516,127068236
754,Jackson ,Mississippi,Zone 4,622,8758,78207194
755,Jackson ,Mississippi,Total Affected,2075,42058,518167621
756,Jackson ,Mississippi,Unaffected,383,5958,68522056
757,Statewide,New Hampshire,Zone 1,35,270,3006862
758,Statewide,New Hampshire,Zone 2,86,945,9809132
759,Statewide,New Hampshire,Zone 3,99,932,11806924
760,Statewide,New Hampshire,Zone 4,161,1530,15824690
761,Statewide,New Hampshire,Total Affected,381,3676,40447608
762,Statewide,New Hampshire,Unaffected,53841,664680,9298830340
763,Rockingham ,New Hampshire,Zone 1,32,251,2861541
764,Rockingham ,New Hampshire,Zone 2,81,907,9560029
765,Rockingham ,New Hampshire,Zone 3,95,892,11506922
766,Rockingham ,New Hampshire,Zone 4,160,1528,15780122
767,Rockingham ,New Hampshire,Total Affected,368,3578,39708614
768,Rockingham ,New Hampshire,Unaffected,10814,149514,2045743025
769,Strafford ,New Hampshire,Zone 1,(1),(1),(1)
770,Strafford ,New Hampshire,Zone 2,(1),(1),(1)
771,Strafford ,New Hampshire,Zone 3,(1),(1),(1)
772,Strafford ,New Hampshire,Zone 4,(1),(1),(1)
773,Strafford ,New Hampshire,Total Affected,(1),(1),(1)
774,Strafford ,New Hampshire,Unaffected,(1),(1),(1)
775,Statewide,New Jersey,Zone 1,9861,233516,4476024020
776,Statewide,New Jersey,Zone 2,8019,161124,2186768029
777,Statewide,New Jersey,Zone 3,6146,122775,1638945784
778,Statewide,New Jersey,Zone 4,8766,135259,1943879645
779,Statewide,New Jersey,Total Affected,32792,652674,10245617478
780,Statewide,New Jersey,Unaffected,245306,3387428,53652409581
781,Atlantic ,New Jersey,Zone 1,695,17028,201587611
782,Atlantic ,New Jersey,Zone 2,947,32643,361271227
783,Atlantic ,New Jersey,Zone 3,367,9897,94502178
784,Atlantic ,New Jersey,Zone 4,549,8177,92107218
785,Atlantic ,New Jersey,Total Affected,2558,67745,749468234
786,Atlantic ,New Jersey,Unaffected,4013,63115,742665118
787,Bergen ,New Jersey,Zone 1,1474,31667,505313724
788,Bergen ,New Jersey,Zone 2,1583,36044,550620245
789,Bergen ,New Jersey,Zone 3,643,9406,216247517
790,Bergen ,New Jersey,Zone 4,1858,26529,434566115
791,Bergen ,New Jersey,Total Affected,5558,103646,1706747601
792,Bergen ,New Jersey,Unaffected,27907,334681,5348824651
793,Burlington ,New Jersey,Zone 1,(1),(1),(1)
794,Burlington ,New Jersey,Zone 2,(1),(1),(1)
795,Burlington ,New Jersey,Zone 3,(1),(1),(1)
796,Burlington ,New Jersey,Zone 4,(1),(1),(1)
797,Burlington ,New Jersey,Total Affected,149,2954,40548475
798,Burlington ,New Jersey,Unaffected,10963,195986,2792698960
799,Camden ,New Jersey,Zone 1,(1),(1),(1)
800,Camden ,New Jersey,Zone 2,(1),(1),(1)
801,Camden ,New Jersey,Zone 3,(1),(1),(1)
802,Camden ,New Jersey,Zone 4,(1),(1),(1)
803,Camden ,New Jersey,Total Affected,130,3587,56725393
804,Camden ,New Jersey,Unaffected,12027,197504,2656451445
805,Cape May ,New Jersey,Zone 1,1532,19202,148922829
806,Cape May ,New Jersey,Zone 2,776,12270,119271284
807,Cape May ,New Jersey,Zone 3,561,9074,86205659
808,Cape May ,New Jersey,Zone 4,482,5327,51638123
809,Cape May ,New Jersey,Total Affected,3351,45874,406037895
810,Cape May ,New Jersey,Unaffected,565,6769,70653490
811,Cumberland ,New Jersey,Zone 1,75,2875,40006318
812,Cumberland ,New Jersey,Zone 2,77,962,8573317
813,Cumberland ,New Jersey,Zone 3,107,1583,15248449
814,Cumberland ,New Jersey,Zone 4,82,1509,14911481
815,Cumberland ,New Jersey,Total Affected,341,6929,78739565
816,Cumberland ,New Jersey,Unaffected,2853,50963,592142364
817,Essex ,New Jersey,Zone 1,157,23402,516992746
818,Essex ,New Jersey,Zone 2,905,14467,252360550
819,Essex ,New Jersey,Zone 3,528,14838,181088630
820,Essex ,New Jersey,Zone 4,699,11037,159406418
821,Essex ,New Jersey,Total Affected,2289,63745,1109848344
822,Essex ,New Jersey,Unaffected,18586,273364,4719858384
823,Gloucester ,New Jersey,Zone 1,(1),(1),(1)
824,Gloucester ,New Jersey,Zone 2,(1),(1),(1)
825,Gloucester ,New Jersey,Zone 3,(1),(1),(1)
826,Gloucester ,New Jersey,Zone 4,(1),(1),(1)
827,Gloucester ,New Jersey,Total Affected,350,8706,131021147
828,Gloucester ,New Jersey,Unaffected,6068,102402,1154704931
829,Hudson ,New Jersey,Zone 1,3820,107122,2599926208
830,Hudson ,New Jersey,Zone 2,1436,24842,367529557
831,Hudson ,New Jersey,Zone 3,689,14469,208880604
832,Hudson ,New Jersey,Zone 4,769,17305,351715196
833,Hudson ,New Jersey,Total Affected,6714,163738,3528051565
834,Hudson ,New Jersey,Unaffected,8671,99536,1209307274
835,Middlesex ,New Jersey,Zone 1,94,2493,38454269
836,Middlesex ,New Jersey,Zone 2,346,13357,156773584
837,Middlesex ,New Jersey,Zone 3,600,19784,306672948
838,Middlesex ,New Jersey,Zone 4,931,21302,276061446
839,Middlesex ,New Jersey,Total Affected,1971,56935,777962247
840,Middlesex ,New Jersey,Unaffected,20689,365704,5900798927
841,Monmouth ,New Jersey,Zone 1,590,6185,61657180
842,Monmouth ,New Jersey,Zone 2,690,7914,87683605
843,Monmouth ,New Jersey,Zone 3,1009,15795,236496552
844,Monmouth ,New Jersey,Zone 4,1009,9594,104230551
845,Monmouth ,New Jersey,Total Affected,3298,39488,490067888
846,Monmouth ,New Jersey,Unaffected,17127,226792,3081797589
847,Ocean ,New Jersey,Zone 1,1024,11167,95230492
848,Ocean ,New Jersey,Zone 2,728,7049,62156054
849,Ocean ,New Jersey,Zone 3,885,11844,124520082
850,Ocean ,New Jersey,Zone 4,904,8846,80699846
851,Ocean ,New Jersey,Total Affected,3541,38906,362606474
852,Ocean ,New Jersey,Unaffected,10229,136315,1572761555
853,Passaic ,New Jersey,Zone 1,(1),(1),(1)
854,Passaic ,New Jersey,Zone 2,(1),(1),(1)
855,Passaic ,New Jersey,Zone 3,(1),(1),(1)
856,Passaic ,New Jersey,Zone 4,(1),(1),(1)
857,Passaic ,New Jersey,Total Affected,93,3054,43010440
858,Passaic ,New Jersey,Unaffected,12543,158620,2069993429
859,Salem ,New Jersey,Zone 1,100,2938,72259019
860,Salem ,New Jersey,Zone 2,238,2576,31261411
861,Salem ,New Jersey,Zone 3,225,3402,30296673
862,Salem ,New Jersey,Zone 4,109,1553,21555414
863,Salem ,New Jersey,Total Affected,672,10469,155372517
864,Salem ,New Jersey,Unaffected,645,9762,119058669
865,Union ,New Jersey,Zone 1,259,8982,188160328
866,Union ,New Jersey,Zone 2,230,7357,168259378
867,Union ,New Jersey,Zone 3,407,8975,86788857
868,Union ,New Jersey,Zone 4,881,11584,166201130
869,Union ,New Jersey,Total Affected,1777,36899,609409693
870,Union ,New Jersey,Unaffected,12906,185554,3068839670
871,Statewide,New York,Zone 1,17773,380121,8302189089
872,Statewide,New York,Zone 2,26469,426026,7119863584
873,Statewide,New York,Zone 3,23631,335661,5562854188
874,Statewide,New York,Zone 4,22597,331159,5040188987
875,Statewide,New York,Total Affected,90470,1472966,26025095848
876,Statewide,New York,Unaffected,560503,8018113,136131334695
877,Bronx ,New York,Zone 1,286,6387,97120288
878,Bronx ,New York,Zone 2,475,13096,222341741
879,Bronx ,New York,Zone 3,884,20911,277015172
880,Bronx ,New York,Zone 4,1447,29275,394530975
881,Bronx ,New York,Total Affected,3092,69668,991008176
882,Bronx ,New York,Unaffected,15711,251440,3729135855
883,Kings ,New York,Zone 1,5323,79222,963320259
884,Kings ,New York,Zone 2,7687,103032,1214811002
885,Kings ,New York,Zone 3,5653,60432,735694896
886,Kings ,New York,Zone 4,5731,69530,865723899
887,Kings ,New York,Total Affected,24394,312216,3779550056
888,Kings ,New York,Unaffected,38664,477089,6003284433
889,Nassau ,New York,Zone 1,3316,27368,367673840
890,Nassau ,New York,Zone 2,4180,39652,445301047
891,Nassau ,New York,Zone 3,4409,48811,563695555
892,Nassau ,New York,Zone 4,3158,27270,304017002
893,Nassau ,New York,Total Affected,15063,143101,1680687444
894,Nassau ,New York,Unaffected,38260,478020,7699273029
895,New York ,New York,Zone 1,5439,210737,6125406591
896,New York ,New York,Zone 2,7261,148162,3401593337
897,New York ,New York,Zone 3,6513,118779,2793735990
898,New York ,New York,Zone 4,6342,107346,2115068781
899,New York ,New York,Total Affected,25555,585023,14435804699
900,New York ,New York,Unaffected,100302,1929594,52746427451
901,Queens ,New York,Zone 1,1703,31278,411012837
902,Queens ,New York,Zone 2,3539,80157,1272271765
903,Queens ,New York,Zone 3,2377,41237,596566579
904,Queens ,New York,Zone 4,2399,61538,908170654
905,Queens ,New York,Total Affected,10018,214209,3188021835
906,Queens ,New York,Unaffected,42772,501550,6820484588
907,Richmond ,New York,Zone 1,608,12014,178649719
908,Richmond ,New York,Zone 2,657,14305,262500757
909,Richmond ,New York,Zone 3,653,7213,90627637
910,Richmond ,New York,Zone 4,469,6054,71231438
911,Richmond ,New York,Total Affected,2387,39586,603009551
912,Richmond ,New York,Unaffected,7461,87244,1091710847
913,Suffolk ,New York,Zone 1,841,8891,101588811
914,Suffolk ,New York,Zone 2,2211,21842,231332185
915,Suffolk ,New York,Zone 3,2635,32038,421665944
916,Suffolk ,New York,Zone 4,2573,24234,284383142
917,Suffolk ,New York,Total Affected,8260,87005,1038970082
918,Suffolk ,New York,Unaffected,44453,576967,8960353379
919,Westchester ,New York,Zone 1,257,4224,57416744
920,Westchester ,New York,Zone 2,459,5781,69711750
921,Westchester ,New York,Zone 3,507,6240,83852415
922,Westchester ,New York,Zone 4,478,5912,97063096
923,Westchester ,New York,Total Affected,1701,22157,308044005
924,Westchester ,New York,Unaffected,33767,402289,6906488929
925,Statewide,North Carolina,Zone 1,2264,22737,192469732
926,Statewide,North Carolina,Zone 2,2342,28309,249334618
927,Statewide,North Carolina,Zone 3,3010,34423,304331461
928,Statewide,North Carolina,Zone 4,3099,35687,342077590
929,Statewide,North Carolina,Total Affected,10715,121156,1088213401
930,Statewide,North Carolina,Unaffected,277032,4369247,55647818956
931,Beaufort ,North Carolina,Zone 1,163,1381,10600032
932,Beaufort ,North Carolina,Zone 2,177,1752,15285164
933,Beaufort ,North Carolina,Zone 3,345,4969,40079230
934,Beaufort ,North Carolina,Zone 4,155,2665,27689086
935,Beaufort ,North Carolina,Total Affected,840,10767,93653512
936,Beaufort ,North Carolina,Unaffected,347,4502,53562998
937,Bertie ,North Carolina,Zone 1,(1),(1),(1)
938,Bertie ,North Carolina,Zone 2,(1),(1),(1)
939,Bertie ,North Carolina,Zone 3,(1),(1),(1)
940,Bertie ,North Carolina,Zone 4,(1),(1),(1)
941,Bertie ,North Carolina,Total Affected,55,875,6909847
942,Bertie ,North Carolina,Unaffected,252,4729,40609066
943,Bladen ,North Carolina,Zone 1,0,0,0
944,Bladen ,North Carolina,Zone 2,0,0,0
945,Bladen ,North Carolina,Zone 3,0,0,0
946,Bladen ,North Carolina,Zone 4,0,0,0
947,Bladen ,North Carolina,Total Affected,0,0,0
948,Bladen ,North Carolina,Unaffected,613,13318,119539185
949,Brunswick ,North Carolina,Zone 1,54,572,4779941
950,Brunswick ,North Carolina,Zone 2,95,982,6501664
951,Brunswick ,North Carolina,Zone 3,182,1799,14394712
952,Brunswick ,North Carolina,Zone 4,326,2557,23072605
953,Brunswick ,North Carolina,Total Affected,657,5910,48748922
954,Brunswick ,North Carolina,Unaffected,2335,27787,280765805
955,Camden ,North Carolina,Zone 1,(1),(1),(1)
956,Camden ,North Carolina,Zone 2,(1),(1),(1)
957,Camden ,North Carolina,Zone 3,(1),(1),(1)
958,Camden ,North Carolina,Zone 4,(1),(1),(1)
959,Camden ,North Carolina,Total Affected,(1),(1),(1)
960,Camden ,North Carolina,Unaffected,(1),(1),(1)
961,Carteret ,North Carolina,Zone 1,255,2324,20067209
962,Carteret ,North Carolina,Zone 2,317,3202,27166598
963,Carteret ,North Carolina,Zone 3,298,2814,24229388
964,Carteret ,North Carolina,Zone 4,569,6121,50358298
965,Carteret ,North Carolina,Total Affected,1439,14461,121821493
966,Carteret ,North Carolina,Unaffected,856,9880,95551146
967,Chowan ,North Carolina,Zone 1,(1),(1),(1)
968,Chowan ,North Carolina,Zone 2,(1),(1),(1)
969,Chowan ,North Carolina,Zone 3,(1),(1),(1)
970,Chowan ,North Carolina,Zone 4,(1),(1),(1)
971,Chowan ,North Carolina,Total Affected,290,3627,33393614
972,Chowan ,North Carolina,Unaffected,84,905,8229994
973,Columbus ,North Carolina,Zone 1,0,0,0
974,Columbus ,North Carolina,Zone 2,0,0,0
975,Columbus ,North Carolina,Zone 3,0,0,0
976,Columbus ,North Carolina,Zone 4,0,0,0
977,Columbus ,North Carolina,Total Affected,0,0,0
978,Columbus ,North Carolina,Unaffected,1070,15492,134143451
979,Craven ,North Carolina,Zone 1,164,1759,19740867
980,Craven ,North Carolina,Zone 2,134,1437,13895488
981,Craven ,North Carolina,Zone 3,215,3958,39964662
982,Craven ,North Carolina,Zone 4,390,6161,60295618
983,Craven ,North Carolina,Total Affected,903,13315,133896635
984,Craven ,North Carolina,Unaffected,1403,26283,296038172
985,Currituck ,North Carolina,Zone 1,109,1018,8587173
986,Currituck ,North Carolina,Zone 2,191,2789,22798047
987,Currituck ,North Carolina,Zone 3,308,3177,27129199
988,Currituck ,North Carolina,Zone 4,64,504,4215181
989,Currituck ,North Carolina,Total Affected,672,7489,62729600
990,Currituck ,North Carolina,Unaffected,81,810,5979216
991,Dare ,North Carolina,Zone 1,574,4989,39566515
992,Dare ,North Carolina,Zone 2,491,7744,67698316
993,Dare ,North Carolina,Zone 3,546,5926,50846771
994,Dare ,North Carolina,Zone 4,109,1001,8767905
995,Dare ,North Carolina,Total Affected,1720,19660,166879507
996,Dare ,North Carolina,Unaffected,272,2853,26701868
997,Duplin ,North Carolina,Zone 1,(1),(1),(1)
998,Duplin ,North Carolina,Zone 2,(1),(1),(1)
999,Duplin ,North Carolina,Zone 3,(1),(1),(1)
1000,Duplin ,North Carolina,Zone 4,(1),(1),(1)
1001,Duplin ,North Carolina,Total Affected,(1),(1),(1)
1002,Duplin ,North Carolina,Unaffected,(1),(1),(1)
1003,Edgecombe ,North Carolina,Zone 1,0,0,0
1004,Edgecombe ,North Carolina,Zone 2,0,0,0
1005,Edgecombe ,North Carolina,Zone 3,0,0,0
1006,Edgecombe ,North Carolina,Zone 4,0,0,0
1007,Edgecombe ,North Carolina,Total Affected,0,0,0
1008,Edgecombe ,North Carolina,Unaffected,913,15674,143377599
1009,Gates ,North Carolina,Zone 1,(1),(1),(1)
1010,Gates ,North Carolina,Zone 2,(1),(1),(1)
1011,Gates ,North Carolina,Zone 3,(1),(1),(1)
1012,Gates ,North Carolina,Zone 4,(1),(1),(1)
1013,Gates ,North Carolina,Total Affected,36,440,4121060
1014,Gates ,North Carolina,Unaffected,134,980,8541198
1015,Greene ,North Carolina,Zone 1,0,0,0
1016,Greene ,North Carolina,Zone 2,0,0,0
1017,Greene ,North Carolina,Zone 3,0,0,0
1018,Greene ,North Carolina,Zone 4,0,0,0
1019,Greene ,North Carolina,Total Affected,0,0,0
1020,Greene ,North Carolina,Unaffected,327,4106,37369970
1021,Halifax ,North Carolina,Zone 1,0,0,0
1022,Halifax ,North Carolina,Zone 2,0,0,0
1023,Halifax ,North Carolina,Zone 3,0,0,0
1024,Halifax ,North Carolina,Zone 4,0,0,0
1025,Halifax ,North Carolina,Total Affected,0,0,0
1026,Halifax ,North Carolina,Unaffected,991,15462,135120482
1027,Hertford ,North Carolina,Zone 1,(1),(1),(1)
1028,Hertford ,North Carolina,Zone 2,(1),(1),(1)
1029,Hertford ,North Carolina,Zone 3,(1),(1),(1)
1030,Hertford ,North Carolina,Zone 4,(1),(1),(1)
1031,Hertford ,North Carolina,Total Affected,(1),(1),(1)
1032,Hertford ,North Carolina,Unaffected,(1),(1),(1)
1033,Hyde ,North Carolina,Zone 1,(1),(1),(1)
1034,Hyde ,North Carolina,Zone 2,(1),(1),(1)
1035,Hyde ,North Carolina,Zone 3,(1),(1),(1)
1036,Hyde ,North Carolina,Zone 4,(1),(1),(1)
1037,Hyde ,North Carolina,Total Affected,189,1698,13246731
1038,Hyde ,North Carolina,Unaffected,26,319,3408275
1039,Jones ,North Carolina,Zone 1,(1),(1),(1)
1040,Jones ,North Carolina,Zone 2,(1),(1),(1)
1041,Jones ,North Carolina,Zone 3,(1),(1),(1)
1042,Jones ,North Carolina,Zone 4,(1),(1),(1)
1043,Jones ,North Carolina,Total Affected,36,223,2120161
1044,Jones ,North Carolina,Unaffected,165,1344,11268506
1045,Lenoir ,North Carolina,Zone 1,(1),(1),(1)
1046,Lenoir ,North Carolina,Zone 2,(1),(1),(1)
1047,Lenoir ,North Carolina,Zone 3,(1),(1),(1)
1048,Lenoir ,North Carolina,Zone 4,(1),(1),(1)
1049,Lenoir ,North Carolina,Total Affected,(1),(1),(1)
1050,Lenoir ,North Carolina,Unaffected,(1),(1),(1)
1051,Martin ,North Carolina,Zone 1,(1),(1),(1)
1052,Martin ,North Carolina,Zone 2,(1),(1),(1)
1053,Martin ,North Carolina,Zone 3,(1),(1),(1)
1054,Martin ,North Carolina,Zone 4,(1),(1),(1)
1055,Martin ,North Carolina,Total Affected,(1),(1),(1)
1056,Martin ,North Carolina,Unaffected,(1),(1),(1)
1057,New Hanover ,North Carolina,Zone 1,175,2347,18062217
1058,New Hanover ,North Carolina,Zone 2,238,2645,21900735
1059,New Hanover ,North Carolina,Zone 3,320,2071,17576344
1060,New Hanover ,North Carolina,Zone 4,646,5845,67615755
1061,New Hanover ,North Carolina,Total Affected,1379,12908,125155051
1062,New Hanover ,North Carolina,Unaffected,7194,105574,1219752089
1063,Northampton ,North Carolina,Zone 1,(1),(1),(1)
1064,Northampton ,North Carolina,Zone 2,(1),(1),(1)
1065,Northampton ,North Carolina,Zone 3,(1),(1),(1)
1066,Northampton ,North Carolina,Zone 4,(1),(1),(1)
1067,Northampton ,North Carolina,Total Affected,(1),(1),(1)
1068,Northampton ,North Carolina,Unaffected,(1),(1),(1)
1069,Onslow ,North Carolina,Zone 1,140,1725,16113203
1070,Onslow ,North Carolina,Zone 2,41,235,1320180
1071,Onslow ,North Carolina,Zone 3,59,418,3030005
1072,Onslow ,North Carolina,Zone 4,227,3726,35435767
1073,Onslow ,North Carolina,Total Affected,467,6104,55899155
1074,Onslow ,North Carolina,Unaffected,2778,42144,374603873
1075,Pamlico ,North Carolina,Zone 1,40,207,1197068
1076,Pamlico ,North Carolina,Zone 2,52,501,3816635
1077,Pamlico ,North Carolina,Zone 3,87,970,7621079
1078,Pamlico ,North Carolina,Zone 4,27,461,3020000
1079,Pamlico ,North Carolina,Total Affected,206,2138,15654782
1080,Pamlico ,North Carolina,Unaffected,103,1349,11901627
1081,Pasquotank ,North Carolina,Zone 1,165,2254,20974617
1082,Pasquotank ,North Carolina,Zone 2,357,5040,52662507
1083,Pasquotank ,North Carolina,Zone 3,304,4934,48070719
1084,Pasquotank ,North Carolina,Zone 4,52,506,3515561
1085,Pasquotank ,North Carolina,Total Affected,878,12734,125223404
1086,Pasquotank ,North Carolina,Unaffected,112,2158,22564070
1087,Pender ,North Carolina,Zone 1,72,1126,8323959
1088,Pender ,North Carolina,Zone 2,62,447,2916073
1089,Pender ,North Carolina,Zone 3,47,324,2689214
1090,Pender ,North Carolina,Zone 4,67,243,2646571
1091,Pender ,North Carolina,Total Affected,248,2139,16575817
1092,Pender ,North Carolina,Unaffected,1092,10746,98864627
1093,Perquimans ,North Carolina,Zone 1,21,134,614947
1094,Perquimans ,North Carolina,Zone 2,27,214,2177578
1095,Perquimans ,North Carolina,Zone 3,102,955,9781149
1096,Perquimans ,North Carolina,Zone 4,64,545,4233252
1097,Perquimans ,North Carolina,Total Affected,214,1847,16806926
1098,Perquimans ,North Carolina,Unaffected,29,195,1446345
1099,Pitt ,North Carolina,Zone 1,(1),(1),(1)
1100,Pitt ,North Carolina,Zone 2,(1),(1),(1)
1101,Pitt ,North Carolina,Zone 3,(1),(1),(1)
1102,Pitt ,North Carolina,Zone 4,(1),(1),(1)
1103,Pitt ,North Carolina,Total Affected,37,314,2581212
1104,Pitt ,North Carolina,Unaffected,3783,76340,900628520
1105,Sampson ,North Carolina,Zone 1,0,0,0
1106,Sampson ,North Carolina,Zone 2,0,0,0
1107,Sampson ,North Carolina,Zone 3,0,0,0
1108,Sampson ,North Carolina,Zone 4,0,0,0
1109,Sampson ,North Carolina,Total Affected,0,0,0
1110,Sampson ,North Carolina,Unaffected,1175,17981,172619207
1111,Tyrrell ,North Carolina,Zone 1,(1),(1),(1)
1112,Tyrrell ,North Carolina,Zone 2,(1),(1),(1)
1113,Tyrrell ,North Carolina,Zone 3,(1),(1),(1)
1114,Tyrrell ,North Carolina,Zone 4,(1),(1),(1)
1115,Tyrrell ,North Carolina,Total Affected,(1),(1),(1)
1116,Tyrrell ,North Carolina,Unaffected,(1),(1),(1)
1117,Washington ,North Carolina,Zone 1,(1),(1),(1)
1118,Washington ,North Carolina,Zone 2,(1),(1),(1)
1119,Washington ,North Carolina,Zone 3,(1),(1),(1)
1120,Washington ,North Carolina,Zone 4,(1),(1),(1)
1121,Washington ,North Carolina,Total Affected,187,2492,24964890
1122,Washington ,North Carolina,Unaffected,53,634,7343457
1123,Statewide,Rhode Island,Zone 1,1508,17977,182060558
1124,Statewide,Rhode Island,Zone 2,789,8253,79824419
1125,Statewide,Rhode Island,Zone 3,0,0,0
1126,Statewide,Rhode Island,Zone 4,0,0,0
1127,Statewide,Rhode Island,Total Affected,2297,26230,261884977
1128,Statewide,Rhode Island,Unaffected,36564,461735,6022612888
1129,Bristol ,Rhode Island,Zone 1,332,2750,26614460
1130,Bristol ,Rhode Island,Zone 2,330,3194,32139580
1131,Bristol ,Rhode Island,Zone 3,0,0,0
1132,Bristol ,Rhode Island,Zone 4,0,0,0
1133,Bristol ,Rhode Island,Total Affected,662,5944,58754040
1134,Bristol ,Rhode Island,Unaffected,911,7823,87210518
1135,Newport ,Rhode Island,Zone 1,605,7635,74295049
1136,Newport ,Rhode Island,Zone 2,214,2590,22689930
1137,Newport ,Rhode Island,Zone 3,0,0,0
1138,Newport ,Rhode Island,Zone 4,0,0,0
1139,Newport ,Rhode Island,Total Affected,819,10226,96984979
1140,Newport ,Rhode Island,Unaffected,2574,33484,466588099
1141,Washington ,Rhode Island,Zone 1,571,7592,81151049
1142,Washington ,Rhode Island,Zone 2,245,2469,24994909
1143,Washington ,Rhode Island,Zone 3,0,0,0
1144,Washington ,Rhode Island,Zone 4,0,0,0
1145,Washington ,Rhode Island,Total Affected,816,10061,106145958
1146,Washington ,Rhode Island,Unaffected,3707,47033,549967974
1147,Statewide,South Carolina,Zone 1,2559,36591,448988139
1148,Statewide,South Carolina,Zone 2,5736,82769,956931919
1149,Statewide,South Carolina,Zone 3,3464,52985,629923621
1150,Statewide,South Carolina,Zone 4,2553,36070,354132540
1151,Statewide,South Carolina,Total Affected,14312,208415,2389976219
1152,Statewide,South Carolina,Unaffected,126803,1921025,21570960541
1153,Beaufort ,South Carolina,Zone 1,642,8235,73778989
1154,Beaufort ,South Carolina,Zone 2,1447,15926,146627099
1155,Beaufort ,South Carolina,Zone 3,707,6796,62227883
1156,Beaufort ,South Carolina,Zone 4,560,5853,51231820
1157,Beaufort ,South Carolina,Total Affected,3356,36810,333865791
1158,Beaufort ,South Carolina,Unaffected,2846,33323,346765872
1159,Charleston ,South Carolina,Zone 1,1737,26464,361684844
1160,Charleston ,South Carolina,Zone 2,4080,62273,773544281
1161,Charleston ,South Carolina,Zone 3,2305,38679,510766111
1162,Charleston ,South Carolina,Zone 4,1354,17960,182111333
1163,Charleston ,South Carolina,Total Affected,9476,145376,1828106569
1164,Charleston ,South Carolina,Unaffected,7660,115754,1447017931
1165,Georgetown ,South Carolina,Zone 1,114,839,5905342
1166,Georgetown ,South Carolina,Zone 2,96,2210,21527924
1167,Georgetown ,South Carolina,Zone 3,243,2648,22761649
1168,Georgetown ,South Carolina,Zone 4,388,7433,88069486
1169,Georgetown ,South Carolina,Total Affected,841,13130,138264401
1170,Georgetown ,South Carolina,Unaffected,1067,11454,109719070
1171,Horry ,South Carolina,Zone 1,66,1054,7618964
1172,Horry ,South Carolina,Zone 2,113,2360,15232615
1173,Horry ,South Carolina,Zone 3,209,4861,34167978
1174,Horry ,South Carolina,Zone 4,251,4823,32719901
1175,Horry ,South Carolina,Total Affected,639,13098,89739458
1176,Horry ,South Carolina,Unaffected,9172,125781,1102192571
1177,Statewide,Texas,Zone 1,938,21503,331173234
1178,Statewide,Texas,Zone 2,2043,44772,635469295
1179,Statewide,Texas,Zone 3,7880,196434,3059097202
1180,Statewide,Texas,Zone 4,6000,132499,2049730319
1181,Statewide,Texas,Total Affected,16861,395208,6075470050
1182,Statewide,Texas,Unaffected,696592,12182960,175226799589
1183,Brazoria ,Texas,Zone 1,75,1276,27018253
1184,Brazoria ,Texas,Zone 2,152,5121,100851910
1185,Brazoria ,Texas,Zone 3,1005,25263,407566412
1186,Brazoria ,Texas,Zone 4,266,3947,43128793
1187,Brazoria ,Texas,Total Affected,1498,35608,578565368
1188,Brazoria ,Texas,Unaffected,4650,80581,1075915581
1189,Chambers ,Texas,Zone 1,(1),(1),(1)
1190,Chambers ,Texas,Zone 2,(1),(1),(1)
1191,Chambers ,Texas,Zone 3,(1),(1),(1)
1192,Chambers ,Texas,Zone 4,(1),(1),(1)
1193,Chambers ,Texas,Total Affected,290,5608,105408605
1194,Chambers ,Texas,Unaffected,466,12097,186727831
1195,Galveston ,Texas,Zone 1,494,9336,101782477
1196,Galveston ,Texas,Zone 2,421,7328,66921574
1197,Galveston ,Texas,Zone 3,1975,52392,747360657
1198,Galveston ,Texas,Zone 4,1116,17040,188530126
1199,Galveston ,Texas,Total Affected,4006,86096,1104594834
1200,Galveston ,Texas,Unaffected,2336,24732,276955613
1201,Hardin ,Texas,Zone 1,(1),(1),(1)
1202,Hardin ,Texas,Zone 2,(1),(1),(1)
1203,Hardin ,Texas,Zone 3,(1),(1),(1)
1204,Hardin ,Texas,Zone 4,(1),(1),(1)
1205,Hardin ,Texas,Total Affected,27,125,1545351
1206,Hardin ,Texas,Unaffected,893,12662,137343464
1207,Harris ,Texas,Zone 1,61,1138,20283062
1208,Harris ,Texas,Zone 2,92,2494,48854440
1209,Harris ,Texas,Zone 3,1600,47854,907243306
1210,Harris ,Texas,Zone 4,3262,85846,1501097586
1211,Harris ,Texas,Total Affected,5015,137333,2477478394
1212,Harris ,Texas,Unaffected,112858,2210447,37665218273
1213,Jasper ,Texas,Zone 1,(1),(1),(1)
1214,Jasper ,Texas,Zone 2,(1),(1),(1)
1215,Jasper ,Texas,Zone 3,(1),(1),(1)
1216,Jasper ,Texas,Zone 4,(1),(1),(1)
1217,Jasper ,Texas,Total Affected,(1),(1),(1)
1218,Jasper ,Texas,Unaffected,(1),(1),(1)
1219,Jefferson ,Texas,Zone 1,293,9535,180263391
1220,Jefferson ,Texas,Zone 2,679,18446,253512907
1221,Jefferson ,Texas,Zone 3,2843,62151,842611499
1222,Jefferson ,Texas,Zone 4,855,18085,235952456
1223,Jefferson ,Texas,Total Affected,4670,108217,1512340253
1224,Jefferson ,Texas,Unaffected,1216,13824,208144710
1225,Liberty ,Texas,Zone 1,(1),(1),(1)
1226,Liberty ,Texas,Zone 2,(1),(1),(1)
1227,Liberty ,Texas,Zone 3,(1),(1),(1)
1228,Liberty ,Texas,Zone 4,(1),(1),(1)
1229,Liberty ,Texas,Total Affected,107,2050,26211473
1230,Liberty ,Texas,Unaffected,1108,16319,189400639
1231,Matagorda ,Texas,Zone 1,(1),(1),(1)
1232,Matagorda ,Texas,Zone 2,(1),(1),(1)
1233,Matagorda ,Texas,Zone 3,(1),(1),(1)
1234,Matagorda ,Texas,Zone 4,(1),(1),(1)
1235,Matagorda ,Texas,Total Affected,120,868,6117994
1236,Matagorda ,Texas,Unaffected,729,9868,132452264
1237,Newton ,Texas,Zone 1,(1),(1),(1)
1238,Newton ,Texas,Zone 2,(1),(1),(1)
1239,Newton ,Texas,Zone 3,(1),(1),(1)
1240,Newton ,Texas,Zone 4,(1),(1),(1)
1241,Newton ,Texas,Total Affected,(1),(1),(1)
1242,Newton ,Texas,Unaffected,(1),(1),(1)
1243,Orange ,Texas,Zone 1,(1),(1),(1)
1244,Orange ,Texas,Zone 2,(1),(1),(1)
1245,Orange ,Texas,Zone 3,(1),(1),(1)
1246,Orange ,Texas,Zone 4,(1),(1),(1)
1247,Orange ,Texas,Total Affected,1119,19205,261431924
1248,Orange ,Texas,Unaffected,293,3434,40193909
1249,Statewide,Virginia,Zone 1,987,21344,238034406
1250,Statewide,Virginia,Zone 2,3591,72527,1004413608
1251,Statewide,Virginia,Zone 3,6245,106281,1243298508
1252,Statewide,Virginia,Zone 4,7911,155539,1879600151
1253,Statewide,Virginia,Total Affected,18734,355692,4365346673
1254,Statewide,Virginia,Unaffected,260909,3579940,53193410709
1255,Accomack ,Virginia,Zone 1,(1),(1),(1)
1256,Accomack ,Virginia,Zone 2,(1),(1),(1)
1257,Accomack ,Virginia,Zone 3,(1),(1),(1)
1258,Accomack ,Virginia,Zone 4,(1),(1),(1)
1259,Accomack ,Virginia,Total Affected,245,1784,11355641
1260,Accomack ,Virginia,Unaffected,883,11673,124500304
1261,Arlington ,Virginia,Zone 1,(1),(1),(1)
1262,Arlington ,Virginia,Zone 2,(1),(1),(1)
1263,Arlington ,Virginia,Zone 3,(1),(1),(1)
1264,Arlington ,Virginia,Zone 4,(1),(1),(1)
1265,Arlington ,Virginia,Total Affected,48,1435,34810062
1266,Arlington ,Virginia,Unaffected,9033,182318,4130413956
1267,Fairfax ,Virginia,Zone 1,(1),(1),(1)
1268,Fairfax ,Virginia,Zone 2,(1),(1),(1)
1269,Fairfax ,Virginia,Zone 3,(1),(1),(1)
1270,Fairfax ,Virginia,Zone 4,(1),(1),(1)
1271,Fairfax ,Virginia,Total Affected,192,1800,24578913
1272,Fairfax ,Virginia,Unaffected,36455,620930,13344272605
1273,Gloucester ,Virginia,Zone 1,(1),(1),(1)
1274,Gloucester ,Virginia,Zone 2,(1),(1),(1)
1275,Gloucester ,Virginia,Zone 3,(1),(1),(1)
1276,Gloucester ,Virginia,Zone 4,(1),(1),(1)
1277,Gloucester ,Virginia,Total Affected,154,962,7687651
1278,Gloucester ,Virginia,Unaffected,859,8553,79036465
1279,Isle of Wight ,Virginia,Zone 1,(1),(1),(1)
1280,Isle of Wight ,Virginia,Zone 2,(1),(1),(1)
1281,Isle of Wight ,Virginia,Zone 3,(1),(1),(1)
1282,Isle of Wight ,Virginia,Zone 4,(1),(1),(1)
1283,Isle of Wight ,Virginia,Total Affected,54,950,18529002
1284,Isle of Wight ,Virginia,Unaffected,794,9831,96170627
1285,King George ,Virginia,Zone 1,(1),(1),(1)
1286,King George ,Virginia,Zone 2,(1),(1),(1)
1287,King George ,Virginia,Zone 3,(1),(1),(1)
1288,King George ,Virginia,Zone 4,(1),(1),(1)
1289,King George ,Virginia,Total Affected,80,6363,156152955
1290,King George ,Virginia,Unaffected,541,5766,67822672
1291,Lancaster ,Virginia,Zone 1,(1),(1),(1)
1292,Lancaster ,Virginia,Zone 2,(1),(1),(1)
1293,Lancaster ,Virginia,Zone 3,(1),(1),(1)
1294,Lancaster ,Virginia,Zone 4,(1),(1),(1)
1295,Lancaster ,Virginia,Total Affected,72,574,5247211
1296,Lancaster ,Virginia,Unaffected,414,4169,37303796
1297,Mathews ,Virginia,Zone 1,(1),(1),(1)
1298,Mathews ,Virginia,Zone 2,(1),(1),(1)
1299,Mathews ,Virginia,Zone 3,(1),(1),(1)
1300,Mathews ,Virginia,Zone 4,(1),(1),(1)
1301,Mathews ,Virginia,Total Affected,140,1200,8680986
1302,Mathews ,Virginia,Unaffected,83,351,2662223
1303,Middlesex ,Virginia,Zone 1,(1),(1),(1)
1304,Middlesex ,Virginia,Zone 2,(1),(1),(1)
1305,Middlesex ,Virginia,Zone 3,(1),(1),(1)
1306,Middlesex ,Virginia,Zone 4,(1),(1),(1)
1307,Middlesex ,Virginia,Total Affected,30,231,1908230
1308,Middlesex ,Virginia,Unaffected,362,3196,27305499
1309,Northampton ,Virginia,Zone 1,(1),(1),(1)
1310,Northampton ,Virginia,Zone 2,(1),(1),(1)
1311,Northampton ,Virginia,Zone 3,(1),(1),(1)
1312,Northampton ,Virginia,Zone 4,(1),(1),(1)
1313,Northampton ,Virginia,Total Affected,77,630,7086359
1314,Northampton ,Virginia,Unaffected,523,4204,31378150
1315,Northumberland ,Virginia,Zone 1,(1),(1),(1)
1316,Northumberland ,Virginia,Zone 2,(1),(1),(1)
1317,Northumberland ,Virginia,Zone 3,(1),(1),(1)
1318,Northumberland ,Virginia,Zone 4,(1),(1),(1)
1319,Northumberland ,Virginia,Total Affected,47,521,7267546
1320,Northumberland ,Virginia,Unaffected,328,2140,23722343
1321,Prince William ,Virginia,Zone 1,(1),(1),(1)
1322,Prince William ,Virginia,Zone 2,(1),(1),(1)
1323,Prince William ,Virginia,Zone 3,(1),(1),(1)
1324,Prince William ,Virginia,Zone 4,(1),(1),(1)
1325,Prince William ,Virginia,Total Affected,133,1695,18984544
1326,Prince William ,Virginia,Unaffected,9420,131612,1644335061
1327,Richmond ,Virginia,Zone 1,(1),(1),(1)
1328,Richmond ,Virginia,Zone 2,(1),(1),(1)
1329,Richmond ,Virginia,Zone 3,(1),(1),(1)
1330,Richmond ,Virginia,Zone 4,(1),(1),(1)
1331,Richmond ,Virginia,Total Affected,(1),(1),(1)
1332,Richmond ,Virginia,Unaffected,(1),(1),(1)
1333,Stafford ,Virginia,Zone 1,(1),(1),(1)
1334,Stafford ,Virginia,Zone 2,(1),(1),(1)
1335,Stafford ,Virginia,Zone 3,(1),(1),(1)
1336,Stafford ,Virginia,Zone 4,(1),(1),(1)
1337,Stafford ,Virginia,Total Affected,(1),(1),(1)
1338,Stafford ,Virginia,Unaffected,(1),(1),(1)
1339,Surry ,Virginia,Zone 1,(1),(1),(1)
1340,Surry ,Virginia,Zone 2,(1),(1),(1)
1341,Surry ,Virginia,Zone 3,(1),(1),(1)
1342,Surry ,Virginia,Zone 4,(1),(1),(1)
1343,Surry ,Virginia,Total Affected,(1),(1),(1)
1344,Surry ,Virginia,Unaffected,(1),(1),(1)
1345,Westmoreland ,Virginia,Zone 1,(1),(1),(1)
1346,Westmoreland ,Virginia,Zone 2,(1),(1),(1)
1347,Westmoreland ,Virginia,Zone 3,(1),(1),(1)
1348,Westmoreland ,Virginia,Zone 4,(1),(1),(1)
1349,Westmoreland ,Virginia,Total Affected,61,688,5270082
1350,Westmoreland ,Virginia,Unaffected,350,2801,22182175
1351,York ,Virginia,Zone 1,(1),(1),(1)
1352,York ,Virginia,Zone 2,(1),(1),(1)
1353,York ,Virginia,Zone 3,(1),(1),(1)
1354,York ,Virginia,Zone 4,(1),(1),(1)
1355,York ,Virginia,Total Affected,226,1447,15064048
1356,York ,Virginia,Unaffected,1376,20312,204219860
1357,Alexandria  ,Virginia,Zone 1,35,824,12339737
1358,Alexandria  ,Virginia,Zone 2,126,1208,22532759
1359,Alexandria  ,Virginia,Zone 3,229,3712,76115443
1360,Alexandria  ,Virginia,Zone 4,383,6197,126869333
1361,Alexandria  ,Virginia,Total Affected,773,11941,237857272
1362,Alexandria  ,Virginia,Unaffected,5417,78361,1529492940
1363,Chesapeake  ,Virginia,Zone 1,115,2993,39438764
1364,Chesapeake  ,Virginia,Zone 2,322,4001,48735179
1365,Chesapeake  ,Virginia,Zone 3,727,9903,94973359
1366,Chesapeake  ,Virginia,Zone 4,1205,23057,241519150
1367,Chesapeake  ,Virginia,Total Affected,2369,39953,424666452
1368,Chesapeake  ,Virginia,Unaffected,3828,61764,712142890
1369,Newport News  ,Virginia,Zone 1,(1),(1),(1)
1370,Newport News  ,Virginia,Zone 2,(1),(1),(1)
1371,Newport News  ,Virginia,Zone 3,(1),(1),(1)
1372,Newport News  ,Virginia,Zone 4,(1),(1),(1)
1373,Newport News  ,Virginia,Total Affected,296,4634,50529095
1374,Newport News  ,Virginia,Unaffected,3616,98627,1317520983
1375,Norfolk  ,Virginia,Zone 1,191,9709,99961935
1376,Norfolk  ,Virginia,Zone 2,1158,25321,342888696
1377,Norfolk  ,Virginia,Zone 3,2122,48566,594314624
1378,Norfolk  ,Virginia,Zone 4,1061,26004,378752233
1379,Norfolk  ,Virginia,Total Affected,4532,109600,1415917488
1380,Norfolk  ,Virginia,Unaffected,1523,30276,516790114
1381,Portsmouth  ,Virginia,Zone 1,24,335,4167477
1382,Portsmouth  ,Virginia,Zone 2,423,22444,339817550
1383,Portsmouth  ,Virginia,Zone 3,630,12445,140447255
1384,Portsmouth  ,Virginia,Zone 4,358,4471,38463955
1385,Portsmouth  ,Virginia,Total Affected,1435,39694,522896237
1386,Portsmouth  ,Virginia,Unaffected,395,4042,58434903
1387,Virginia Beach  ,Virginia,Zone 1,239,4023,48939848
1388,Virginia Beach  ,Virginia,Zone 2,1072,15163,197501480
1389,Virginia Beach  ,Virginia,Zone 3,2092,26489,282492278
1390,Virginia Beach  ,Virginia,Zone 4,4340,83775,860241885
1391,Virginia Beach  ,Virginia,Total Affected,7743,129450,1389175491
1392,Virginia Beach  ,Virginia,Unaffected,4525,50728,539174151
1393,"Note: Flood zones represent a conservative estimation of areas that would experience flooding in the event of a hurricane. Zone 1 is the area that would be flooded by a Category I hurricane. A Category II hurricane would cause flooding in Zones 1 and 2. The hurricane categories reference the Saffir-Simpson Hurricane Scale.

Footnote:
(1): Data do not meet BLS or state agency disclosure standards
",,,,,
